{
	"format_version": "1.8.0",
	"animations": {
		"animation.dt_chara.looking_at_target": {
			"loop": true,
			"bones": {
				"Head": {
					"rotation": ["query.target_x_rotation", "query.target_y_rotation", 0]
				}
			}
		},
		"animation.dt_chara.general": {
			"loop": true,
			"animation_length": 7.79167,
			"bones": {
				"LeftArm": {
					"rotation": ["-38.5228+math.sin(query.life_time * 70) * 1.0", -1.55767, -1.9557]
				},
				"RightArm": {
					"rotation": ["-38.5228+math.sin(query.life_time * 70) * 1.0", -14.58528, 0.7041]
				},
				"LeftLeg": {
					"rotation": [0, 0, -3]
				},
				"RightLeg": {
					"rotation": [0, 0, 3]
				},
				"rightItem": {
					"rotation": [-3.71116, -9.93011, -54.88286],
					"position": [1, 0, 0]
				}
			}
		},
		"animation.dt_chara.gun_resize": {
			"loop": true,
			"bones": {
				"scar": {
					"scale": 0.8
				},
				"m16_ra": {
					"scale": 0.9
				}
			}
		},
		"animation.dt_chara.walking": {
			"loop": true,
			"animation_length": 0.5833,
			"bones": {
				"RightLeg": {
					"rotation": ["variable.tcos0 * 0.9", 0, 0]
				},
				"LeftLeg": {
					"rotation": ["variable.tcos0 * -0.9", 0, 0]
				}
			}
		},
		"animation.dt_chara.melee_attacking_gun": {
			"loop": true,
			"animation_length": 1.04,
			"bones": {
				"Head": {
					"rotation": [5.34663, -9.18533, -6.83809]
				},
				"LeftArm": {
					"rotation": {
						"0.0": [-96.47982, 9.1576, -25.02106],
						"0.08": [-127.54843, 8.8672, -40.25761],
						"0.16": [-131.51786, 12.1398, -41.46711],
						"0.28": [-50.57316, -15.4117, 5.78907],
						"0.44": [-96.47982, 9.1576, -25.02106],
						"0.64": [-100.51621, 6.8556, 13.77624],
						"0.76": [-86.60596, 18.049, 18.58323],
						"1.0": [-96.47982, 9.1576, -25.02106]
					},
					"position": {
						"0.0": [-1.6, -1.55, -1.4],
						"0.44": [-1.6, -1.55, -1.4],
						"0.64": [-0.15, -0.4, 0.87],
						"0.76": [-2.15, -0.4, -1.83],
						"1.0": [-1.6, -1.55, -1.4]
					}
				},
				"RightArm": {
					"rotation": {
						"0.0": [-90, -20, 0],
						"0.08": [-112.56978, -19.6377, 1.82131],
						"0.16": [-117.58082, -19.4623, 2.19727],
						"0.28": [-47.4018, -18.7502, -3.21305],
						"0.44": [-90, -20, 0],
						"0.64": [-76.48274, 6.9317, 5.18599],
						"0.76": [-76.48274, 6.9317, 5.18599],
						"1.0": [-90, -20, 0]
					},
					"position": [0.95, -0.25, 1.7]
				},
				"LeftLeg": {
					"rotation": [-5.00474, -2.49048, -2.28197],
					"position": [0, 0, -0.4]
				},
				"RightLeg": {
					"rotation": [7.52832, 4.95712, 3.15426],
					"position": [0, 0, 0.675]
				},
				"waist": {
					"rotation": {
						"0.0": [0, 10, 0],
						"0.16": [-7.25, 10, 0],
						"0.28": [17.75, 10, 0],
						"0.44": [0, 10, 0],
						"0.64": [0, -12, 0],
						"0.76": [0, 10, 0],
						"1.0": [0, 10, 0]
					}
				}
			}
		},
		"animation.dt_chara.aim": {
			"loop": true,
			"bones": {
				"waist": {
					"rotation": [0, 10, 0]
				},
				"Head": {
					"rotation": [5.34663, -9.18533, -6.83809]
				},
				"RightArm": {
					"rotation": ["-90+query.target_x_rotation - this", "-20+query.target_y_rotation - this", "5+math.sin(query.life_time * 90)*4"],
					"position": [0.95, -0.25, 1.7]
				},
				"LeftArm": {
					"rotation": ["-92.9118+query.target_x_rotation - this", "9.1576+query.target_y_rotation - this", "19.7517+math.sin(query.life_time * -90)*4"],
					"position": [-1.6, -1.55, -1.4]
				},
				"RightLeg": {
					"rotation": [7.52832, 4.95712, 3.15426],
					"position": [0, 0, 0.675]
				},
				"LeftLeg": {
					"rotation": [-5.00474, -2.49048, -2.28197],
					"position": [0, 0, -0.4]
				},
				"rightItem": {
					"rotation": [-1, 0, 10]
				}
			}
		}
	}
}